<?xml version="1.0" encoding="UTF-8"?>
<project-private xmlns="http://www.netbeans.org/ns/project-private/1">
    <editor-bookmarks xmlns="http://www.netbeans.org/ns/editor-bookmarks/2" lastBookmarkId="0"/>
    <open-files xmlns="http://www.netbeans.org/ns/projectui-open-files/2">
        <group>
            <file>file:/C:/Users/Tomas/Documents/NetBeansProjects/ProyectoBiblioteca/src/ar/org/centro8/curso/java/gui/FormLocales.java</file>
            <file>file:/C:/Users/Tomas/Documents/NetBeansProjects/ProyectoBiblioteca/src/ar/org/centro8/curso/java/gui/FormSocios.java</file>
            <file>file:/C:/Users/Tomas/Documents/NetBeansProjects/ProyectoBiblioteca/src/ar/org/centro8/curso/java/gui/FormDetalles.java</file>
            <file>file:/C:/Users/Tomas/Documents/NetBeansProjects/ProyectoBiblioteca/src/ar/org/centro8/curso/java/sql/DDL_Base_Biblioteca_Mysql.sql</file>
            <file>file:/C:/Users/Tomas/Documents/NetBeansProjects/ProyectoBiblioteca/src/ar/org/centro8/curso/java/gui/FormEmpleados.java</file>
            <file>file:/C:/Users/Tomas/Documents/NetBeansProjects/ProyectoBiblioteca/src/ar/org/centro8/curso/java/gui/FormLibros.java</file>
        </group>
    </open-files>
</project-private>
