<?xml version="1.0" encoding="UTF-8"?>
<project-private xmlns="http://www.netbeans.org/ns/project-private/1">
    <editor-bookmarks xmlns="http://www.netbeans.org/ns/editor-bookmarks/2" lastBookmarkId="0"/>
    <open-files xmlns="http://www.netbeans.org/ns/projectui-open-files/2">
        <group>
            <file>file:/C:/Users/Tomas/Documents/NetBeansProjects/ProyectoLibreria/src/ar/org/centro8/curso/java/sql/DML_Base_Biblioteca.sql</file>
            <file>file:/C:/Users/Tomas/Documents/NetBeansProjects/ProyectoLibreria/src/ar/org/centro8/curso/java/sql/DML_Base_Biblioteca_Queries.sql</file>
            <file>file:/C:/Users/Tomas/Documents/NetBeansProjects/ProyectoLibreria/src/ar/org/centro8/curso/java/sql/DDL_Base_Biblioteca_Mysql.sql</file>
            <file>file:/C:/Users/Tomas/Documents/NetBeansProjects/ProyectoLibreria/src/ar/org/centro8/curso/java/doc/DER.png</file>
        </group>
    </open-files>
</project-private>
